user_pk,user_username,user_email,user_password,user_full_name,created_at
6742e1e7cc6adfc49c57e2e3f50905e10c158aa4deb7fbfcff,vmaffei0,vmaffei0@businessweek.com,$2a$04$wc9Q68P/rdRUwUkjW5XC1eEU5eYDgcqPM0FHldJV7dXHl9r.AZzmm,Vicky Maffei,2025-12-01 12:43:15
12616538d3ac778b2ebc4c41370346c5586c8ea96a4ddcd53d,sethridge1,sethridge1@rakuten.co.jp,$2a$04$hXU/e/UIF4pyyEYhfCn1OOXAIa53jatcefL5dFx5DXGUcsDI9955G,Sabra Ethridge,2025-12-02 11:45:57
f652be49ba39b7b07ab6a0cf15dcdbce13975b73201dc7d7ed,mtremblot2,mtremblot2@vistaprint.com,$2a$04$CHbsF3UyVce6MBuBlmkZfeHlsVyR4cCBIs8IFIeWgmuG6AIwUQSdi,Moselle Tremblot,2025-12-04 06:55:15
bcd377e625149c1054ab2fda56c417401faecde58f5639222b,prittmeier3,prittmeier3@columbia.edu,$2a$04$BfWHSygzgRcXw1PmQjH41ernY1iJlI6e4WKspM905WJG2Yinb7QoO,Padget Rittmeier,2025-12-02 01:11:48
f245b39088dd3cf74abb5c118b959341cc3bff78df40be1ad6,rjenner4,rjenner4@amazon.co.jp,$2a$04$saxa1cySuC28rjgKIpGW3..AzUo.a928BjkWeVEZq5Cmjun2hPTlW,Remus Jenner,2025-12-01 01:15:28
d0d4c86dd12bc75be4abdc7a0f25190c295f65f600c3a5ce7c,mskone5,mskone5@blogger.com,$2a$04$VcAbIAKSMaDwprmses3jueVkpM22QwZWQzN21Y89ITnJKTNcKO6jS,Morton Skone,2025-12-02 09:11:21
fcaddccf5a2990bd290ae0e5ec12b90b7be8bf28b54a0e3202,kleffek6,kleffek6@yale.edu,$2a$04$tr6OX5fqM9OhUeA7N92Vk.yTMPVk6krBa5XOzl8GOSqyO1X2ChXiW,Karlens Leffek,2025-12-04 08:39:08
90d75eb456b6c9b027cd9f566213f9ade22325f1b2cc24c84f,lgarred7,lgarred7@feedburner.com,$2a$04$8TGsJhh44Is9WKpv7dCIOuzNu/T97fYwqf1GelbHgrncLTngsfACy,Lucia Garred,2025-12-02 01:10:02
9b66842d0782467e5ef6fdd1ae53eb3cca595ea160b084c135,tpaaso8,tpaaso8@loc.gov,$2a$04$VM5P8fYzNhCXzCGQ8ygmFuYFL1heYth6gxxan.3ovQTWWcr2Jh5lS,Tucker Paaso,2025-12-04 15:05:17
8e7b7340b53dabd87b2d8404c38daf580b35b8f3a9827cee91,pvolcker9,pvolcker9@wufoo.com,$2a$04$PJli.d0KtzwSzzvL2gveKuAePaTrS.nGShCimV6FnU.diLwIeRxwe,Patty Volcker,2025-12-04 00:57:40
4d73d1f0ecfd727508e18ae7d5d4383060d1d237d8416083d2,bbendalla,bbendalla@vimeo.com,$2a$04$Sbhv7fpn8Ur6FVLT0Jl8kei9dU0HsBbjTplI9AdWKXACM4af9qRsC,Burk Bendall,2025-12-03 23:32:04
ac1502b1e3997b6f1306a0f54da03060fe862a26b28fdd4dec,msailsb,msailsb@infoseek.co.jp,$2a$04$c0Vzx77TaM2aUComySIqGerXPxBreEIpZfYErFZglc9R5nm0hlxmm,Marlow Sails,2025-12-04 22:03:39
fa24d1fc40c3d92d33ea9bb40f87694b1d377558e0cc5a449f,sseagoc,sseagoc@miibeian.gov.cn,$2a$04$.tEfqY.Lhql85Z3mYW2wO.Gm.4pE6OcKddRKhNaIWKhJMswEuN.96,Steffane Seago,2025-12-04 00:30:03
96ce4fbc56d4136966c04135e1902f87b2cd0cd7374c2ad6b3,qboultwoodd,qboultwoodd@addthis.com,$2a$04$dfs0oZeZJnTLhQebd8MjGOF/nkdIEWgkcUtmRfhqHTOoQ4DqWxszS,Quinn Boultwood,2025-12-01 02:58:34
f6cc069eb2cb174dc2b46be66a75f330a907769572f37c0d77,kstorree,kstorree@accuweather.com,$2a$04$.i6kOFvKPyDvh73LiqSa1uqd2NmLQwOogbXQQ7Zqo/cX22JiNYIrq,Karel Storre,2025-12-04 17:51:40
17349fd80eca127803918b0740c9c0a40310dd436fa19284cf,kwenderothf,kwenderothf@scientificamerican.com,$2a$04$Kl4//FIbXruRMdevzU2R7u8agPk4fsOuiqHv3364hnmGMzqfxcxAC,Karole Wenderoth,2025-12-04 14:02:08
b2e83e280060175bed4f52449075c5aa67af6ca0faf4a031b4,sfaveryearg,sfaveryearg@wsj.com,$2a$04$YPtLsHZLX3HT7qWHN0/K/OGBQIgee.zPZFgTMhYtOa4vr4aWhlAG6,Stacee Faveryear,2025-12-03 19:32:24
85f927461923e2cc7e83136a05863b162842a0ad83b8f46b94,cjanzh,cjanzh@cornell.edu,$2a$04$y4Pk18ih.RHfs3DbW4z4uOmP6pN8Gd5sZUt8UQKXq2uWkYMw3Rt7S,Casey Janz,2025-12-01 05:41:06
1b41d5dfe9272f5c0121e0fb7a53cb29d4a604cf29eaa4d5de,memigi,memigi@nps.gov,$2a$04$M5.UVoZF9Ofwlw/rphuVTeGvTJwVjwMITkilxpILKQ4NGKgHtqmPi,Marylee Emig,2025-12-02 07:33:28
cf358eabc5547df242a16ef2fcc3f8d46277fd78c7d67d4446,adunphyj,adunphyj@harvard.edu,$2a$04$pvKGWQbdbQUbg9ZYDcP0IuY.9tRBVBhes3.Gev22ZHhDbrYz5rmxy,Annadiana Dunphy,2025-12-03 22:33:04
988d0f89596705e72390b7a8a11a66ae8b190a31a4754ae433,sdustk,sdustk@shop-pro.jp,$2a$04$X47mkAIfxyVJMWnV2VHK4udaWxZmIeM535sYQWNbDA1DCuIi46hMO,Shena Dust,2025-12-02 08:16:36
e326b8b55292ca09e9355ed46a0f56af6136134882f99f5121,kelaml,kelaml@fema.gov,$2a$04$QovoYz/66h/IiTc7T00fDOgpbXzWk6wybabGH562/oIJu7NCTZjlK,Konstance Elam,2025-12-03 00:35:56
28e43627e9fa71ac2b929f13b323dc3fce9aeac1b204b0349e,bmaccrannm,bmaccrannm@nymag.com,$2a$04$rMRuNC8YytPJEH2ZZ/b3MOXKCJ.qHW3jVeCT8qIA8B4yFbq99PwmS,Briano MacCrann,2025-12-02 00:06:36
e2848a47bffbaa16d64d07605c69b6f9231d1450b522c5acc2,tmilmoren,tmilmoren@bizjournals.com,$2a$04$SOBhrpJNyFexn2cGDOdO6e.V4wdECFtEgBVMaTNG6y6jg0SZE/T8y,Tobe Milmore,2025-12-03 04:46:43
7f40a69f91d847560ce47324c5efc358b0f9033be41b04124c,pbuyerso,pbuyerso@com.com,$2a$04$RDPS.spgNlfS3gRdkkdUS.KBS/Qobkp3jS.iRNewkpq5uXNwcuz/6,Poppy Buyers,2025-12-01 23:31:22
04d53f95e2f48d73656c5d015d196689079a3e96abc401a4dd,mquigleyp,mquigleyp@tmall.com,$2a$04$Png73kJxLRaVm6tCAS491.k/7ZNFtyjJkliZQBEYjPHa08AOJnP3e,Moreen Quigley,2025-12-02 11:18:17
06a170e099af36250573dd01e4399fbe46d6522b52f50092f8,dhazeltineq,dhazeltineq@multiply.com,$2a$04$.0lDmK0xDPWyXY4os6SjG.iXq8zT6n7Qpf/QEMIkgMZllr/kS7csO,Dino Hazeltine,2025-12-03 10:51:33
bf92bddd244efb97bcd3fb3bba14f7eac0b0842cc2fb4cb977,dminghir,dminghir@china.com.cn,$2a$04$LOnrxEitNrfNNz3CNi3.COmF9ddAEl.HkXIRREJQTQpoED6y8NDpq,Dall Minghi,2025-12-03 13:55:39
237f69989b148d2a03ec586b5978f17f46423aa1b2d00b39c2,tdikelins,tdikelins@google.pl,$2a$04$3zgCFr396SLcE59WcLR/TOhXsYy0vk8FdGsjZtCoq03oQgvxw1TVO,Townie Dikelin,2025-12-02 05:12:08
2a409cc19411dc890db52326c7ad85ddbd56a6caeaf903b7db,bmollint,bmollint@blog.com,$2a$04$iz4o5GyuXs7hJdFfElumMemFXV7QpBJZNMV/NyO4gBsJooBjR7L/G,Bernhard Mollin,2025-12-03 22:40:05
f4180e06f3b29f0e19a6a9c40126038e61fe1d6a214bdbcb84,mhughillu,mhughillu@opera.com,$2a$04$xZQ.vBjVrq0UXL14kgiV4O9Xp7vaiD8dyUIH1XFRA9ClXNLnyvqE6,Marilee Hughill,2025-12-04 12:35:57
79ce54ab004de901e91773c169cfda91aad811d0fba7b73442,lkonnekev,lkonnekev@npr.org,$2a$04$OKk/sHvbot74eBb2ezCJ4e2wNIaGRx8vcSHVCLIv0w6JWDfCaU08y,Lindie Konneke,2025-12-01 17:24:17
5f103fde1336a9c3dcaab8b5166cf9cb8e953d3929b6dc8a10,gedwardesw,gedwardesw@networksolutions.com,$2a$04$jL4F8kTrrsNaaIKFWNLZheHEkev2gn6oXQ1QJ8QPe/fMQSVKWyiKS,Grange Edwardes,2025-12-01 19:26:29
67c7e840c45f0e67691655c72ce81abade1c77acd0db79a7b4,tpirniex,tpirniex@businessweek.com,$2a$04$3jRMCK8SGRs5F1jijXZzoubKBAigijpYCM.kDUeWtkpRXjDB4vQfy,Tobey Pirnie,2025-12-03 21:48:54
1d732af3da3978b01b0cacdd3a7d3a7856b2134b18a9e08140,hangeloy,hangeloy@ebay.co.uk,$2a$04$pfinKK1Yg/ZxUV01Rm9U3O2NnXT.if6tagrgXO1IG4suondy9bGW.,Hazlett Angelo,2025-12-01 19:55:28
76ebc793f16ef6bc67b97d13b9248ad6b3acd13396835190a8,gkynastonez,gkynastonez@shop-pro.jp,$2a$04$fOnhSCepzQTKLVgYoYLa6uAYJ0AMihSbMnu2uW1/tTmyNoYvX6lBO,Garv Kynastone,2025-12-03 16:13:30
c9b827ddc96fd12dd3ea816d8227cf09f9453301494b9763c9,nfairhead10,nfairhead10@mysql.com,$2a$04$mDG0vO5zSBcRQeb/tM359ObVgK6UdcOcYtAf221laxbzhlHT7N4Bi,Nessa Fairhead,2025-12-04 07:36:15
36adc2153c7341051a05166475f8828dba798c62240f65ff9a,mimbrey11,mimbrey11@dailymail.co.uk,$2a$04$OMrd1WRa2utTH1QOeaYa9e33P/kFDHnLzZFE7YmtsQ/MFcp18tV/.,Melisande Imbrey,2025-12-03 16:31:53
dd84f6111ea9f7d207329a37dd88ebceafd8b5bdd2b69bd2e5,fmoncreif12,fmoncreif12@bloomberg.com,$2a$04$onUt9sZyo2Cyv7xyh5TyTOva61GN4llK9NB37iQGiYzfzEkFqc6dK,Frannie Moncreif,2025-12-01 05:04:30
71ec356fdaba2de997c4153152d4115090412863f70fbb38c9,pbauduin13,pbauduin13@time.com,$2a$04$.tYq2RT/mIIL0nJn.KzdAOkKnAMCa5BW6ZVBm/TgLKTe0dS2TOgO.,Pate Bauduin,2025-12-03 07:41:25
33fa499e153293f2a944b2aa8dd346b0eb3e52e50d3358030f,hpietzke14,hpietzke14@freewebs.com,$2a$04$ykIpFIYp6maVOE8y1cRPTePfFk7l4PQlQVt241B/yDF16k91KB32u,Hope Pietzke,2025-12-03 06:34:37
f763f46209f218dc7f92a18c5b7433842b5d2dde76853c8fb6,gsaffrin15,gsaffrin15@joomla.org,$2a$04$kmNYgd02RiFpD66XzHL.g.l87DFulvIvxuaaaGZ7q8dYH1wNpjX/C,Gran Saffrin,2025-12-01 09:16:23
41cb50e9cf0ed9cd2b6ebbb8ef068562683c3584eda8fee301,hjean16,hjean16@nationalgeographic.com,$2a$04$R633k0oFy8sLLYLRcfqykeoAbAExo4B1IlqliGAbporiXHlEFmQDG,Herculie Jean,2025-12-02 04:44:16
6d21ca3925701a3aacbb123a3ce928725fc84f4d5124aee086,lbrinkler17,lbrinkler17@japanpost.jp,$2a$04$ExvNzewHW9ae5dG9x.qoHez6KeVbxamAzdTjAXn7MHAESp2Q1l/qu,Loralee Brinkler,2025-12-04 21:19:34
3e789ba777fb55ef372c2aef88484dc829c197de67c7ea0c00,mbunney18,mbunney18@ucoz.com,$2a$04$VA7X9fcMsbZN3zC.DKtYQOqqDF3b1jNsTeTEazVPr81mI9DuC3aEe,Minnnie Bunney,2025-12-04 18:08:47
1b5a9658d09315a6dc1c002efa003c527d572791463929e01c,dblandford19,dblandford19@amazon.co.uk,$2a$04$LEYczC4rl2EZBIpjgUtnQuaRaDdnxgZoW69E5IxImtI1ZaqpijuE.,Dulcia Blandford,2025-12-03 11:47:39
540c6c2fe7b0d9c093b4f6dc2762c045e32e7d66e0a8b5f780,akeyson1a,akeyson1a@squidoo.com,$2a$04$iTmwAY1HkxtP2RHh56hMY.F11xjekl6RJPCgjvkcp8aDH0ELI5SfW,Abeu Keyson,2025-12-02 07:30:51
d8af371ef4e27e56f5d7bffce8aa381bd67507983d52f931f7,sstigell1b,sstigell1b@hubpages.com,$2a$04$Ix8cZChujyUeYmNbwL7f6.6pIK7VMFMTY.gfml1jESlPD.5PVOFL.,Silvan Stigell,2025-12-03 07:24:58
052827b0ebd083339b6432c39957ed7cc0b0478fafec13a1f1,kburbudge1c,kburbudge1c@smugmug.com,$2a$04$EqkGpjUPuoV1jp3WuKlLoO1M0/MTi4Dnw8FpmecDgvZEC0ar.mClO,Kennan Burbudge,2025-12-03 10:23:40
6dbe6b5a8cd69aef2cb02c20b62849837d0b262e70400bcfe7,fmccoughan1d,fmccoughan1d@example.com,$2a$04$jvY3nmIp0Dn2FlukV039eeF13V2sMxPMV5qJAeA94teAb3leOWsqK,Farlay McCoughan,2025-12-01 09:46:14
